d,p,x1,x2,x3,g_d_plus_2,a_d_3,jacobian_x2_x3
50,5,1,3,1,4,2,1
51,37,1,3,24,14,17,10
52,13,1,8,4,1,3,5
53,23,1,6,3,18,18,5
54,11,1,1,8,10,2,2
55,5,1,4,3,4,3,4
56,5,1,2,1,4,3,1
57,7,1,0,1,6,3,1
58,11,1,2,4,2,6,6
59,5,1,2,4,4,3,3
60,19,1,3,10,2,15,8
61,17,1,6,5,12,8,16
62,7,1,6,6,5,5,6
63,19,1,16,11,2,6,2
64,5,1,0,4,1,1,4
65,11,1,3,2,4,10,3
66,11,1,7,4,4,5,9
67,11,1,4,6,7,9,9
68,11,1,0,4,6,7,2
69,7,1,1,5,6,1,1
70,7,1,2,1,3,4,4
71,7,1,2,3,3,6,4
72,13,1,8,6,5,10,7
73,17,1,0,12,5,16,1
74,23,1,17,9,8,12,8
75,17,1,6,6,5,10,13
76,5,1,2,1,2,1,4
77,7,1,5,5,4,3,4
78,13,1,0,10,7,8,5
79,5,1,0,2,1,4,1
80,37,1,35,1,30,19,1
81,13,1,9,11,3,8,9
82,13,1,5,7,2,9,9
83,7,1,1,2,6,1,1
84,19,1,5,3,7,12,2
85,13,1,8,6,9,11,5
86,17,1,4,16,8,2,7
87,11,1,10,3,3,7,5
88,11,1,2,2,4,7,6
89,5,1,0,4,4,4,4
90,13,1,1,7,2,5,4
91,5,1,2,4,1,3,4
92,23,1,2,15,13,22,8
93,23,1,3,18,21,15,14
94,13,1,9,6,3,8,9
95,13,1,10,0,3,10,11
96,19,1,3,14,13,5,14
97,7,1,2,1,2,1,3
98,7,1,2,2,2,6,2
99,19,1,6,5,17,9,15
100,19,1,0,6,14,5,11
